<?xml version="1.0" encoding="UTF-8"?>
<config>
<!-- 灵云语义分析接口配置参数 -->
<url>http://43.254.54.185:8080/CSRBroker/queryAction</url>
<protocolId>5</protocolId>
<robotHashCode>0f036ef91d4eb21edde4b7aaac5286d5</robotHashCode>
<platformConnType>2</platformConnType>
<userId>100031</userId>
<talkerId>100011</talkerId>
<receiverId>100111</receiverId>
<appKey>2c5d54de</appKey>
<type>text</type>
<msgID>1111</msgID>
<isQuestionQuery>0</isQuestionQuery>
<showdebug>1</showdebug>
</config>