﻿<?xml version="1.0" encoding="utf-8"?>
<Root>
	<!-- 主页菜单配置 -->

    	<!--
			@id				模块菜单Id
			@label			显示中文名
			@labelEn		显示英文名
			@state			菜单状态		0.可用	1.不可用
			@icon			图标
		-->
		<Node id="001600" 	label="余额查询" 	labelEn="" 	state="0" 	  icon="home-Inquiry_1.png" />
		<Node id="001800" 	label="银行卡转账" 	labelEn="" 	state="0" 	  icon="home-Transfer_1.png"  />
		<Node id="000400" 	label="信用卡还款" 	labelEn="" 	state="0" 	  icon="home-Repayment_1.png" />  
		<Node id="000100" 	label="手机充值" 	labelEn="" 	state="0" 	  icon="home-Ph-recharge_1.png" />
		<Node id="006000" 	label="理财产品" 	labelEn="" 	state="0" 	   icon="home-Investment_1.png"/>
        <Node id="014000" 	label="wifi介绍" 	labelEn="" 	state="0" 	  icon="wifi_introduce_1.png" />
        <Node id="007001" 	label="排队叫号" 	labelEn="" 	state="0" 	   icon="qu-eue_1.png" />
		<Node id="013000" 	label="汇率查询" 	labelEn="" 	state="0" 	   icon="ex-changerate_1.png" />
		<Node id="004001" 	label="天气" 	    labelEn="" 	state="0" 	  icon="home-Weather_1.png" /> 
		<Node id="001700" 	label="生活缴费" 	labelEn="" 	state="0" 	  icon="home-Convenient_1.png" />
		<Node id="005001" 	label="音乐播放" 	labelEn="" 	state="1" 	   icon="home-Music_1.png" />
		<Node id="002004" 	label="信息采集" 	labelEn="" 	state="1" 	  icon="home-Face_1.png" />
		<Node id="014001" 	label="wifi介绍" 	labelEn="" 	state="1" 	  icon="home-Face_1.png" />
		<Node id="012000" 	label="自助开卡" 	labelEn="" 	state="1" 	   icon="buffet-card_1.png" />	 
		<!--Node id="011001" 	label="征信宣传" 	labelEn="" 	state="0" 	   icon="question_1.png" />	
		<Node id="008001" 	label="游戏" 	    labelEn="" 	state="1" 	  icon="home-Game_1.png" />		  	
		<Node id="003101" 	label="考勤" 	    labelEn="" 	state="1" 	   icon="home-attendence-1.png" />	
		<Node id="005001" 	label="音乐播放" 	labelEn="" 	state="1" 	   icon="home-Music_1.png" />	
		<Node id="002004" 	label="信息采集" 	labelEn="" 	state="1" 	  icon="home-Face_1.png" />
		<Node id="009001" 	label="宣传片" 	    labelEn="" 	state="1" 	  icon="home-Movie_1.png" />
		<Node id="011001" 	label="征信宣传" 	labelEn="" 	state="1" 	   icon="question_1.png" /-->	
</Root>