<?xml version="1.0" encoding="utf-8"?>
<Root>
	<!-- 允许访问地址(domain中配置,*为所有IP) -->
	<allow-access-from domain="*" />
	<!-- 系统入口文件 -->
	<Param name="INDEX_URL" value="index.html" />
	<!-- 系统统一问题页面 -->
	<Param name="HOME_ERROR" value="error.html"/>
	<!-- JUMP服务端配置 -->
	<Param name="CONTEXT_URL" default="LOCAL">
<!--        	<Param name="LOCAL" value="http://43.254.55.125:8088/tdcctp/" /> -->
       	<Param name="LOCAL" value="http://103.21.116.236:8088/tdcctp/" />
		<Param name="SYS" value="http://127.0.0.1:9999/robotweb/" />
		<Param name="SOURCE" value="http://127.0.0.1:9999/robotweb/source/" />
	</Param>
	<!-- 请求统一后缀 -->
	<Param name="JSON" value=".json"/>
	<!-- 版本号 -->
	<Param name="VERSION" value="V1.0.3" />
	<!-- 系统编码 -->
	<Param name="ENCODING" value="UTF-8"/> 
	<!-- 是否开启调试 --> 
	<Param name="DEBUG_MOD" value="1"/>
	<!-- 请求超时时间 --> 
	<Param name="TIME_OUT" value="60000"/>
	<!-- 屏保触发间隔时间 -->
	<Param name="KeepScreenTime" value="60000"/>
	<!-- 系统格式化函数库 -->
	<Param name="FORMATFUN" value="com.tangdi.core.utils.FormatUtil"/>
	<!-- 用户自定义函数库 -->
	<Param name="USER_FUNC" value="com.tangdi.core.utils.UserFormatFunc"/>
	<!-- 添加超时时间配置 -->
	<Include file="conf/systimeout.xml"/>
</Root>